Snohomish,7969.730365089076,-244.2679753297474,1.8776964484348277
Cook,91124.79189253542,-2481.2945299141707,16.863369963368058
Orange,61764.60869564754,-1652.3577075097785,11.049407114623941
Maricopa,19708.818627453147,-524.6728586171632,3.488906088751368
Los Angeles,51133.8645995608,-1425.5252363738598,9.894257508343081
Santa Clara,7104.1529077530595,-211.24765503706374,1.5742032516817501
Suffolk,192891.44034183424,-5192.449765885412,34.88532144183943
San Francisco,4649.431192370473,-132.64644646540367,0.9482863879415157
Dane,1033.61945304432,-36.25986842105253,0.29960010319918096
San Diego,18723.318933693165,-493.69961266792404,3.266347687399685
Bexar,2033.3675448557856,-59.52762948707344,0.43404815695838866
Douglas,1754.8648584646212,-56.028076372561124,0.4430138449349404
Humboldt,1510.1800865799323,-36.47467532467149,0.22186147186144822
Sacramento,5840.2972896663505,-155.41826651608085,1.037972896668481
Solano,371.41394025602494,-10.918499471130207,0.0820476346792062
Spokane,832.5712346477243,-31.287944408533605,0.2629282482223744
Salt Lake,7863.861107315207,-212.4672590567743,1.4374572795628286
Marin,652.0294117648008,-20.559984520126513,0.1606037151702969
Napa,-2198.071428570643,47.10714285712677,-0.24999999999991815
Sonoma,514.794887955183,-17.391596638655596,0.13935574229692022
Washington,16759.907200812257,-436.4048500699423,2.84124342476813
King,12429.106735420351,-395.2886841099831,3.149366564807609
Alameda,4524.3204395597995,-126.89713675212053,0.8943528693527675
Hillsborough,14314.784313726932,-370.6934984520412,2.4045407636740297
Manatee,4607.48076923309,-112.21840659345989,0.6854395604398659
Placer,1762.4387362645423,-46.32706043957919,0.30563186813197696
San Mateo,4280.139028580383,-120.88541653998644,0.8585208269991048
Fulton,15045.592463375446,-398.48542601572774,2.6433326399007764
Norfolk,17466.718290594898,-468.02454849490306,3.1329245633588765
Grafton,-259.1721719456805,4.691451195862409,-0.015917905623784392
Contra Costa,4013.8770468659272,-108.36554206662238,0.7362365894974157
Wake,3882.796368392176,-104.07398436805747,0.6998276323220626
Bergen,78922.76095014051,-2105.8936257221912,14.035018242627451
Westchester,123950.1925770786,-3551.0368216671845,25.367089424759428
Fort Bend,3654.372549019964,-96.61403508772665,0.6408668730650525
Chelan,233.4909090909118,-5.825757575757601,0.03787878787878782
Jefferson,79637.22457132903,-2067.4161698718553,13.420978335169616
Santa Rosa,-2349.502597402201,48.05692640691592,-0.23917748917742146
Montgomery,28413.326086954337,-758.8239130434239,5.06739130434749
Middlesex,65374.81474968289,-1761.8885042732343,11.848992673991162
Clark,28302.85926030228,-747.5316911349012,4.937394127611291
Washoe,4458.70975232024,-115.38203044371707,0.7489035087717084
Nassau,156054.2586568781,-4290.974914529325,29.455158730154615
Williamson,4262.993745726898,-113.04209387101606,0.7531897926633279
Harris,23678.897601718152,-615.8816993077063,4.004145739844546
Pinal,211.80247252723342,-9.16387362636831,0.08310439560436617
Yolo,244.36363636363723,-7.559848484848337,0.05681818181818005
Denver,9983.518492376548,-270.9906126482046,1.842955957086284
Eagle,3498.834839073679,-97.25502540936638,0.6794748729530937
El Paso,5024.518767506877,-143.15903361344434,1.0108543417366997
Broward,25454.262281194788,-687.0566629022677,4.6378599661205975
Lee,11930.078431373704,-311.0919762642125,2.030572755418063
Polk,8907.492507491872,-224.28921078920243,1.413086913086901
Honolulu,4575.977345938226,-118.73918067226715,0.7743347338935572
Marion,44090.93137255257,-1134.6581527348585,7.302631578947821
Fayette,7764.11813187138,-196.14697802204833,1.2403846153849931
Ramsey,811.3750700279777,-22.228781512604787,0.15371148459383913
Camden,15039.510224089376,-376.1079831932723,2.35364145658261
Rockland,79008.14459272454,-2094.593904722724,13.878644239058936
Chatham,8609.672619053503,-199.63690476203197,1.160714285714972
Tulsa,8227.986263742549,-200.54020979035303,1.2245254745262897
Delaware,16303.460784314619,-419.63080495358935,2.7025283797731783
Wayne,133077.48547502366,-3463.931818181098,22.5401572112052
Charleston,6157.304695304221,-158.22777222776332,1.0179820179819785
Kershaw,841.3805937771564,-25.01850575054837,0.18724181996497175
Davis,1646.8721719455964,-44.51287976728848,0.3016321913380524
Pierce,6709.785128203797,-183.9822073578289,1.2647714604234603
Fresno,3207.657342659409,-80.52797202801828,0.5069930069932653
Madera,-1479.803571429216,31.160714285728965,-0.1607142857143692
Riverside,15406.97303485598,-394.5750854407848,2.5268284347226535
Santa Cruz,45.21464124114125,-3.7173400129288656,0.041774402068522905
District of Columbia,10913.324092842835,-293.85444738334377,1.9821540016052683
Charlotte,5484.309523802693,-126.03571428556774,0.7261904761896917
Okaloosa,862.0579670332062,-22.6762362637414,0.15041208791211527
Volusia,3222.246428572815,-81.95068681321914,0.522664835165023
Cobb,6562.925822462728,-174.44775476244075,1.1629617522068836
Gwinnett,9842.846008403165,-250.08592436974487,1.59138655462184
Johnson,6300.791965810718,-170.72073578592492,1.1574879227051567
Berkshire,4391.272888102571,-116.06553147574763,0.7686127082411899
St. Louis,23349.25358758675,-592.3837427278205,3.760827407886056
Rockingham,4106.355521154222,-106.52438080491741,0.6936274509801904
Saratoga,-910.0343137255891,15.294633642933082,-0.04360165118680296
Jackson,16231.462937057522,-397.4958041956817,2.4370629370622456
Klamath,13.0,0.0,0.0
Bennington,-834.96363636362,18.334848484848678,-0.09848484848485274
Fairfax,8297.720072236594,-215.53295923625964,1.4013802889572995
Kittitas,18.0,0.0,0.0
Fairfield,57062.72663676519,-1489.6140063601308,9.721106124998379
Cherokee,1681.184103641419,-44.68718487394917,0.29866946778711523
Hendricks,7859.461038965871,-189.88811188822405,1.1488511488517983
Harrison,3389.344655344268,-85.00399600398886,0.5364635364635055
Harford,2355.553571430736,-55.32738095243055,0.32738095238123616
Worcester,24629.586939774763,-622.4587184873877,3.9357492997199603
Carver,11.0,0.0,0.0
Passaic,70578.35294118295,-1777.7812177503981,11.199174406605495
Ulster,2421.861169467786,-72.57300420168114,0.5316876750700337
Spartanburg,2245.0833333352184,-55.60714285718484,0.3452380952383289
Davidson,12355.979125682816,-332.56057237964376,2.2437070938220143
Shelby,13566.876225489788,-362.87132352940847,2.4252450980392326
Kitsap,1600.921358543374,-42.151890756302116,0.2790616246498611
Pima,3487.797802198437,-99.3945054945186,0.6978021978022643
Shasta,11.0,0.0,0.0
Arapahoe,11504.077238548172,-298.2535885166838,1.9350649350645814
Larimer,418.70631868186547,-16.56085164836395,0.14491758241765143
DeKalb,8141.06965943982,-217.56849845195012,1.45497936016479
Floyd,5222.942657341586,-128.66503496500854,0.7937062937061321
Prince George's,16225.835913306435,-411.8230134157428,2.615583075334504
Hudson,83406.99177355303,-2115.7713106295014,13.413091552410062
Monmouth,32969.62447025888,-869.5928229663409,5.7351332877639845
Union,76516.47858614125,-1937.827076882686,12.270317337457254
Cuyahoga,10861.15245623871,-294.34217955955285,1.9966120835684908
Monroe,26138.992002053506,-670.3161119708615,4.302180082557939
Collin,3229.637254902294,-87.23826109391683,0.5901702786377904
Virginia Beach city,7141.544455544226,-172.2367632367555,1.0409590409589824
San Joaquin,1415.1842105260407,-42.55353457171612,0.3161764705881875
Ventura,3398.284313725793,-89.98090815274082,0.5975232198142706
Gunnison,-411.6066342326268,5.587822497419804,-0.0013268465280842768
Alachua,-162.58855042017342,-1.1616596638654197,0.04359243697478917
Collier,3538.750000000259,-93.29927760578613,0.617389060887559
Pasco,2673.03296703283,-65.76923076922725,0.4065934065933843
Pinellas,9970.789215687002,-250.10990712076443,1.5714654282767242
Kane,193.18181818185639,-16.280719280720724,0.17282717282718435
McHenry,1947.181318681954,-50.82692307693636,0.33241758241765096
Adams,15795.631641886657,-388.96468972201467,2.396493212669476
Boone,2360.2313186819024,-62.05302197803568,0.40796703296711323
Orleans,48601.673298879,-1305.7001885072002,8.773183338400809
Essex,106525.4766233507,-2747.462223740574,17.708931419454316
Oakland,49670.40864660611,-1303.6682957390797,8.559523809522096
Anoka,-863.4285714291927,16.28571428572847,-0.07142857142865228
Burlington,12473.418977590589,-311.6968487394916,1.9499299719888075
Multnomah,4162.248448609927,-107.27141241111197,0.6927117000646064
Philadelphia,72371.7352941229,-1824.0476006193367,11.496517027864714
Beadle,-415.6515984020021,8.952797202806446,-0.04570429570434852
Minnehaha,5473.800000000088,-128.61212121212196,0.7575757575757547
Sullivan,3727.662912089375,-97.72376373629857,0.6407967032969099
Dallas,14616.249713218853,-391.1896846861066,2.619973847663198
Tarrant,13389.550140055804,-332.1237394957927,2.06477591036411
Weber,-1313.8095238055214,24.702380952291414,-0.10714285714235669
Loudoun,4096.439835166485,-102.97156593410212,0.6490384615386589
Skagit,976.4362745098692,-30.477554179568312,0.23323013415893823
Whatcom,-437.3781512604774,0.33697478991534263,0.06722689075630614
Stanislaus,583.8279720278756,-17.161771561769267,0.12354312354310994
Pitkin,251.20738209162096,-6.996445659604385,0.05058099794942486
New Castle,5016.378482970372,-131.87661248705558,0.8699045407633951
Miami-Dade,83176.20314420026,-2142.953998632467,13.801435406696271
St. Johns,3101.869130868977,-78.55044955044647,0.4995004995004844
Bartow,-1018.7084623321138,17.538312693494653,-0.052244582043325036
Lowndes,773.5160839159289,-19.923776223771775,0.12937062937059887
Lake,25023.156862746913,-643.4707172343104,4.142027863777406
Howard,5850.13189775907,-147.6820378151243,0.9346988795518048
St. Joseph,2710.6685314677484,-66.51421911420161,0.41025641025631254
Caddo,5055.072171945665,-141.47002262443047,0.9802036199094617
Baltimore,14598.081232492907,-364.9380252100793,2.2832633053220857
Olmsted,1091.70533290237,-29.345814479636683,0.1980446024563547
Forrest,394.5034965034579,-10.15184815184763,0.06693306693306605
Bernalillo,3632.0165413533896,-94.81052631578896,0.6215538847117725
Santa Fe,-562.1838161843909,9.7692307692439,-0.03396603396610885
Ward,-79.00000000013895,1.0000000000030447,-1.6675849836420077e-14
Stark,5591.65584415886,-135.048951049022,0.8171828171832334
Deschutes,697.5199134198003,-17.491991341988463,0.1114718614718434
Linn,4534.304953558635,-115.16266769861966,0.7333591331267204
Bucks,7966.605009695635,-212.11381706527564,1.4100678733031025
Lancaster,19335.200000000186,-464.8560606060623,2.795454545454541
Chittenden,2780.2598039217037,-76.3009545923667,0.5225748194014664
Arlington,1778.633384932347,-48.47361971102967,0.33172084623316106
Island,996.7561919503978,-29.853392672857606,0.22129772961816038
Thurston,77.18381618387771,-5.43106893107029,0.05644355644356392
Fond du Lac,153.13684210522655,-4.142857142856241,0.03007518796991929
Waukesha,1242.8944327730612,-35.913340336134205,0.25787815126050784
Anchorage,-3321.541208794088,71.71853146859769,-0.378871128871509
Pulaski,-894.0882352941827,14.99716202270522,-0.0420536635706989
Tulare,2983.4324499029476,-73.5982546864847,0.45572074983834776
Litchfield,3488.5675824184086,-92.00247252749344,0.6057692307693617
Clay,3723.236363636291,-92.19621212121223,0.5719696969697073
Duval,8559.37745098101,-218.04463364294747,1.3916408668731743
Palm Beach,22480.267027854836,-575.2432275539734,3.683372033022552
Sarasota,3518.065659342368,-88.55590659344607,0.5597527472529747
Seminole,4524.0773459383545,-114.79212184873819,0.7302170868347215
Carroll,7911.820588235132,-203.74894957982247,1.3119747899158782
Wyandotte,3756.022802199535,-94.42019230772992,0.5954670329672357
Androscoggin,12350.399999975647,-272.09999999948104,1.4999999999972375
Ingham,8194.11978022368,-199.60824175832792,1.217032967033441
Kent,7609.9897759102005,-193.11995798319106,1.22724089635854
Montcalm,12.0,0.0,0.0
St. Clair,4123.554545454707,-106.86212121212077,0.689393939393914
Washtenaw,14385.384943977304,-365.7369747899119,2.327030812324922
Dakota,-454.58141858141687,7.575924075924043,-0.022477522477522313
Hennepin,1218.586431988892,-39.61106174526687,0.3143654591022614
Greene,6340.375624379825,-153.1503496504444,0.9275724275729609
Cass,2387.726190476796,-61.44047619049066,0.3928571428572288
Morris,30607.735294106107,-789.5460526313144,5.096104231164641
Albany,-2259.755878331433,43.233344725432254,-0.17287537024368851
Dutchess,20150.002321973043,-515.124935500328,3.2967621259019455
Herkimer,-2460.228571435827,53.20000000015875,-0.28571428571515384
Cabarrus,-597.14545454547,9.14393939393963,-0.022727272727273436
Forsyth,2868.7192807193237,-74.74125874125839,0.48651348651347687
Johnston,326.6571428599392,-9.900000000061384,0.07142857142890821
Mecklenburg,7087.009803921809,-198.12809597524182,1.3768059855521955
Trumbull,-1231.115151515043,21.0515151515122,-0.07575757575755626
Clackamas,968.3079670332633,-26.10343406594082,0.1765109890110274
Northampton,26418.62472528752,-644.2365384618246,3.9299450549466495
Pike,4396.616450216166,-106.954978354969,0.6536796536795844
Knox,4123.005594404608,-101.33053613051133,0.6247086247084704
Alexandria city,3489.377489177237,-81.88441558440586,0.48268398268390533
Hanover,12.0,0.0,0.0
James City,721.969040247482,-21.769865841069386,0.16305469556241703
Prince William,3006.3483893556418,-77.51890756302448,0.5014005602240948
Columbia,6557.072727271256,-158.09999999996703,0.9545454545452701
Yakima,8424.98434066325,-211.8075549451395,1.334478021978476
Elmore,1746.0595238112974,-39.60714285718254,0.22619047619069801
Limestone,988.7121212120203,-23.70454545454274,0.14393939393937616
Tuscaloosa,929.854545454561,-22.95606060606105,0.14393939393939698
San Benito,-1550.3988095260438,32.982142857193146,-0.17261904761933036
Pueblo,5530.02857142403,-125.48571428561547,0.7142857142851771
Routt,2079.6845238118617,-48.08928571433754,0.27976190476219176
Summit,4817.32543122519,-134.96676986584043,0.9436827362523784
Weld,7656.557692307282,-200.55796703295397,1.3145604395603432
Osceola,6208.883123249271,-155.6121848739474,0.9775910364145444
Gordon,570.3928571435969,-13.654761904778347,0.08333333333342464
Henry,4626.090909089431,-115.90909090905873,0.7272727272725525
Ada,16249.304670337067,-399.2138736265454,2.4539835164845116
Butler,2172.9957013573153,-58.03514867485213,0.3877666451195785
St. Charles,25577.006243775155,-610.0996503500719,3.6411088911112346
St. Tammany,16896.70959922348,-418.25389463474454,2.5921945701354816
Terrebonne,6042.495329673506,-145.3597527473274,0.8756868131872508
Cumberland,6710.318620079695,-175.49370485035996,1.1521450685537107
Anne Arundel,9784.711538465966,-241.52060439570587,1.4931318681324484
Charles,9725.154761912767,-226.51190476208214,1.3214285714295535
Bay,-56043.00000016355,1207.500000003545,-6.500000000019209
Macomb,48736.111029410706,-1223.6007352940996,7.694852941176406
Copiah,11.0,0.0,0.0
Leflore,13.890909090903929,-0.9749999999998825,0.011363636363635696
Pearl River,455.87512487519405,-12.552447552449156,0.08691308691309617
Gallatin,-537.3606393614385,5.688811188829437,0.012487512487408472
Lewis and Clark,-2989.685714291077,65.50000000011592,-0.3571428571434832
Silver Bow,11.0,0.0,0.0
Yellowstone,-1515.109090909055,32.18484848484861,-0.16666666666667262
Ocean,44402.79901961295,-1135.5199948401253,7.264318885449197
Schenectady,-645.2450980392621,11.017027863777994,-0.031991744066051674
Oklahoma,5340.887254902244,-138.1435758514026,0.8956398348813921
Chester,2300.9141241111815,-67.01614414996611,0.48101163542338216
Hamilton,18464.14785214718,-459.0819180818982,2.8601398601397214
Rutherford,6296.587412585373,-152.6456876456413,0.9277389277386646
Bell,1519.4727272727011,-37.27348484848503,0.23106060606061152
Galveston,8088.545454545047,-198.64435564434675,1.2217782217781734
Smith,851.145454545489,-22.335606060606672,0.14772727272727523
Travis,4818.666031027106,-128.8263574660481,0.8657886231414803
Harrisonburg city,-305.2689183661543,0.0002045228773447087,0.037836732308771104
Grant,1001.6499999999412,-28.067857142855594,0.1964285714285614
Milwaukee,9095.625386996717,-262.14809081527255,1.8777089783281888
Racine,2923.952380949055,-68.64285714278576,0.4047619047615224
Sheboygan,1842.6499999951616,-42.84999999989499,0.24999999999943037
Fremont,-1029.6853146849733,22.308857808850437,-0.11771561771557808
Baldwin,8274.178571421391,-186.5535714284159,1.053571428570587
San Luis Obispo,-937.6961834733534,17.718172268907193,-0.07125350140056082
Boulder,551.1516456582369,-19.639600840335802,0.16369047619047591
Mesa,1906.3571428556527,-43.53571428568115,0.24999999999981587
Hartford,18490.102941178004,-469.7385190918841,2.986971104231386
New Haven,30484.35451680541,-761.5667016806623,4.759978991596701
Coweta,462.4727272727535,-14.94393939393964,0.11363636363636308
Kauai,-7.285714286408638,0.2142857143011599,-8.585300562539671e-14
Blaine,16254.6935924366,-401.9297268907507,2.4868697478991457
Teton,1224.1607142861928,-29.970238095249115,0.1845238095238729
DuPage,9481.766769862035,-247.94865841064149,1.6277089783276286
Sangamon,2784.6857142871518,-62.90000000003033,0.3571428571430168
LaPorte,-262.0000000004166,3.0000000000091083,-4.9777875944312574e-14
Franklin,23570.01570782069,-599.2336457659629,3.8099547511309275
Bossier,502.5614385615792,-17.958041958045147,0.1458541458541639
Lafourche,11835.478296709358,-284.61717032981494,1.7122252747261346
St. John the Baptist,26186.235514506236,-619.6660839165381,3.6680819180843987
Barnstable,8304.778296706814,-213.16607142865627,1.3688186813191907
Bristol,18378.67197802954,-461.57115384632505,2.8997252747262405
Missoula,-835.6214285705512,17.474999999981222,-0.08928571428561395
Mercer,13199.235294119226,-334.8969298245875,2.1275799793602537
Sandoval,9566.59523810306,-219.57142857160284,1.261904761905732
Broome,-1320.9090909090783,26.343181818182003,-0.1250000000000037
Tompkins,1935.4131868137022,-50.46593406594594,0.3296703296703979
Brunswick,1823.0818181816817,-41.918181818177935,0.242424242424216
Craven,11.0,0.0,0.0
Harnett,-448.2424242423674,9.257575757574037,-0.0454545454545333
Belmont,-80.00000000013895,1.0000000000030447,-1.6675849836420077e-14
Lorain,-1523.293131869135,29.87513736266036,-0.13392857142870296
Tuscarawas,-4354.000000012626,93.50000000027448,-0.5000000000014918
Allegheny,10385.715686275451,-270.6759545923814,1.7652218782250573
Beaufort,5590.017582420301,-137.81208791215047,0.8516483516487109
Lexington,2848.501648353092,-70.27170329673457,0.43543956043972876
Brazoria,3658.2890109901964,-92.40054945057827,0.5851648351650095
Hays,5342.392857145408,-124.44047619053318,0.7261904761907941
Windsor,-86.20279720288697,2.0046620046640786,-0.009324009324021287
Chesterfield,11044.000000000102,-257.96212121212227,1.5075757575757567
Spotsylvania,11.0,0.0,0.0
Winnebago,528.0857142879596,-18.457142857193496,0.14285714285742815
Garland,-48.548251748477,-1.001398601393468,0.020979020978991767
Saline,-295.0999999985457,3.399999999968223,1.7355678859381126e-13
San Bernardino,21345.613386612134,-515.5419580419318,3.11638361638348
Santa Barbara,4084.6181318695744,-103.29807692310965,0.6552197802199653
Garfield,415.74545454545273,-12.436363636363641,0.09090909090909119
Baker,11.0,0.0,0.0
Citrus,837.5757575757252,-20.674242424241147,0.12878787878786851
Clarke,-848.3184315690547,16.01223776225207,-0.06718281718289917
Clayton,9693.302472532474,-236.34793956055333,1.4429945054951512
Dougherty,16819.851995797533,-427.83056722688525,2.7263655462185303
Newton,1480.8385281384822,-36.69718614718456,0.22835497835496635
Maui,719.695804196191,-18.108391608399756,0.1153846153846579
Clinton,5581.206493506129,-134.06731601730604,0.8062770562769904
Allamakee,-30.75270262373634,2.9217553906386956e-05,0.005405247472681587
St. Bernard,12427.244230775752,-298.7990384616918,1.7973901098910092
Lincoln,7831.314285718105,-189.60000000008424,1.142857142857607
Baltimore city,8643.139172591487,-218.89951519067642,1.388493859082002
Hampden,35300.200799199345,-861.8326673326334,5.2622377622375645
Plymouth,22889.106981252462,-580.1554298642185,3.67744020685178
Ottawa,-171.6396103895276,2.1730769230750147,0.000749250749261728
Hinds,3336.9296703316177,-85.00989010993187,0.5439560439562661
Erie,24356.446673669427,-616.9519957983126,3.9119397759102914
Putnam,4809.290109892383,-131.91868131873437,0.90109890109921
Wilson,6425.56666666635,-153.34999999998828,0.916666666666575
Lucas,8598.201398599254,-215.76293706288888,1.353146853146583
Medina,338.387112886871,-12.328671328665656,0.10189810189806872
Cleveland,4433.645054944669,-110.19615384614586,0.6868131868131461
Kay,-1736.4575757575826,37.95909090908976,-0.20454545454544076
Payne,-81.28571428550869,1.0714285714240321,2.5040184824626415e-14
Yamhill,1266.3869047633143,-29.43452380955597,0.17261904761923086
Lehigh,32476.695604412314,-789.4609890113547,4.79945054945254
Luzerne,43547.916083905824,-1031.7389277386715,6.114219114217529
Anderson,2990.1660839180977,-71.9597902098376,0.4353146853149635
Greenville,5077.604104718372,-127.52422430509644,0.8037330316741488
Horry,845.556443556373,-22.00699300699114,0.14485514485513276
Denton,1540.9509372980406,-52.14993535875931,0.4137039431157067
Utah,8779.032967039144,-210.43706293720564,1.263236763237586
Lewis,12.0,0.0,0.0
Fairbanks North Star Borough,-1396.1999999999987,28.515909090909275,-0.14015151515151744
Cleburne,-1712.2317388493354,37.12071751777435,-0.1936005171299126
Nevada,1184.9761904760433,-29.011904761901544,0.17857142857141103
Escambia,2654.4713286714264,-70.49160839160822,0.4650349650349505
Hall,7483.015384613287,-178.44685314680805,1.066433566433325
Paulding,379.77976190650725,-11.922619047658056,0.08928571428593211
Troup,2652.20000000783,-61.32878787896102,0.35606060606156265
Peoria,11.0,0.0,0.0
Will,16091.423529411462,-402.79558823528913,2.522058823529395
Bartholomew,16465.199999971763,-362.7999999993972,1.9999999999967852
Ascension,326.4109890104324,-22.056043956031026,0.22527472527465034
Frederick,5588.831168830931,-132.46645021644085,0.7867965367964616
Benton,-6349.151048948581,127.09114219108379,-0.6095571095567651
Hancock,-2346.738095239395,45.88095238098101,-0.21428571428587184
Hunterdon,4184.385972850426,-106.00416936004483,0.673238526179657
Somerset,14608.77941176584,-378.0029669762906,2.4480134158928264
Allegany,12.0,0.0,0.0
Onondaga,6999.447252750826,-181.49505494513983,1.178571428571931
Ontario,576.2363636362867,-15.013636363634404,0.0984848484848362
Durham,592.9411764707072,-20.82662538699956,0.17337461300311072
Geauga,480.33333333202864,-13.642857142828488,0.09523809523793801
Canadian,1704.7916666669853,-40.69642857143671,0.2440476190476702
Sevier,13.0,0.0,0.0
Matagorda,-4677.878571423442,98.84642857131433,-0.5178571428565072
Tooele,6172.549999989837,-135.94999999978074,0.7499999999988178
Wasatch,306.4825174826476,-11.353146853149603,0.09440559440560882
Stafford,215.63982683996255,-7.2173160173188995,0.05627705627707152
York,6433.144605401169,-168.22902097916744,1.0981518481526633
Outagamie,10267.549999983401,-226.44999999964378,1.24999999999809
Wood,1189.1071428562282,-27.517857142837144,0.16071428571417648
Madison,15949.846153845492,-396.9560439560283,2.4725274725273803
Ketchikan Gateway Borough,-168.20000000000053,3.721969696969747,-0.018939393939394436
Navajo,4125.996003995722,-103.81468531467836,0.655844155844113
Kern,12887.665734261942,-307.7428904428009,1.8403263403258134
Monterey,500.35109890157423,-13.892032967043916,0.09752747252753542
Sussex,6723.937062936899,-177.4645354645318,1.1688311688311483
Brevard,1437.7454545455037,-37.01439393939403,0.23863636363635843
Richmond,3814.9710289734535,-90.57692307697616,0.5389610389613284
Whitfield,4200.000000012324,-91.50000000026847,0.5000000000014622
Hawaii,-849.1357142856938,17.646428571428796,-0.08928571428571928
Adair,14.0,0.0,0.0
Lyon,-12910.000000037577,278.5000000008175,-1.5000000000044462
East Baton Rouge,9644.047802202635,-246.3107142858218,1.5755494505500465
Kennebec,-10657.449999984325,231.04999999966367,-1.249999999998197
Otsego,-8967.404761890106,195.39285714253506,-1.0595238095220412
Martin,-1899.3822510823936,38.39155844156123,-0.1850649350649484
Cole,-2425.7142857102745,52.92857142848343,-0.28571428571380336
Sarpy,2867.345238097122,-65.97619047623358,0.38095238095262723
Gloucester,8399.447302702489,-206.86188811200202,1.275474525475149
Warren,6424.500249752595,-163.7569930070446,1.0427072927075756
Taos,-2144.549999996123,46.44999999991634,-0.24999999999954894
Rensselaer,1811.5840659353346,-44.64258241761203,0.2788461538463263
Wyoming,15.0,0.0,0.0
Iredell,297.32727272727095,-8.815909090909116,0.0643939393939399
Burleigh,-313.1567927170771,6.300630252100668,-0.027661064425769634
Darke,-2091.7714285795373,42.700000000176814,-0.21428571428667784
Mahoning,5940.568406595996,-151.29629120884633,0.9649725274728179
Pawnee,-53.017857142863704,1.2916666666668533,-0.0059523809523822175
Lane,-4331.200000006563,93.3000000001438,-0.5000000000007874
Beaver,-2133.27965367927,41.85129870128968,-0.19588744588739296
Calhoun,13218.571428549509,-300.92857142809675,1.7142857142831476
Richland,6869.363930186944,-172.17194570134484,1.0832255979314032
Brazos,961.7522477522639,-26.691808191808597,0.18431568431568685
Ellis,2401.630952382629,-55.41666666670541,0.32142857142879483
Lubbock,5028.709090909119,-124.95227272727313,0.7765151515151523
Charlottesville city,214.65476190486493,-5.440476190478466,0.03571428571429827
Henrico,5583.315434569547,-135.1800699301655,0.8204295704301248
Mason,13.0,0.0,0.0
Kenosha,4830.265984019515,-115.55419580427451,0.6930569430573807
Laramie,1792.3454545454363,-43.13409090909124,0.26136363636364246
Talladega,12.0,0.0,0.0
Coconino,3388.562120232549,-86.14990303813339,0.5491273432449544
Bradley,-4536.00000001281,95.50000000028055,-0.500000000001536
Faulkner,-1130.07412587404,24.28111888111664,-0.1258741258741115
Yuma,576.4571428576872,-12.700000000011672,0.07142857142863393
Leon,1583.9636363635461,-38.45303030302733,0.23484848484846288
Sumter,5490.145454545266,-143.46515151515123,0.9318181818182025
Walton,3162.945454545485,-73.76515151515183,0.43181818181818155
Houston,7401.595238085562,-172.96428571407688,1.0119047619036368
Twin Falls,-59952.00000017245,1296.000000003804,-7.000000000020971
Kankakee,-742.9212121210829,10.828787878784937,-0.022727272727256005
Kendall,2403.6904761868027,-57.535714285634015,0.34523809523765703
Jennings,7752.264285708541,-174.36785714273293,0.9821428571421863
Leavenworth,645.3999999999872,-16.469696969696937,0.1060606060606073
Kenton,711.6727272727499,-17.877272727272693,0.11363636363636037
Penobscot,3811.492857139784,-85.6107142856478,0.48214285714249794
Bolivar,71.80952381187866,-4.857142857195417,0.04761904761934076
Coahoma,-422.6671328671008,8.711888111887161,-0.041958041958035305
DeSoto,-411.95659340695033,3.1903846153928157,0.026098901098854106
Perry,10845.285714307363,-242.50000000047007,1.3571428571454076
St. Louis city,9975.120879120315,-246.1703296703173,1.5219780219779542
Belknap,558.6571428576808,-12.500000000011626,0.07142857142863421
Merrimack,-634.8869047625385,11.08928571429973,-0.041666666666744095
Atlantic,8548.3750000078,-198.00595238112845,1.1488095238105167
Chenango,-1711.3571428547127,35.3214285713766,-0.17857142857115113
Livingston,5703.446153845355,-145.5041958041731,0.9265734265732718
Gaston,-1245.3809523797404,24.857142857116667,-0.11904761904747774
Guilford,1777.5884115883061,-45.59940059939893,0.2937062937062885
New Hanover,-1394.0523809522724,28.661904761901447,-0.1428571428571193
Morton,-410.05952380921303,8.999999999993163,-0.04761904761901004
Miami,598.3236263737614,-17.581593406596,0.12774725274726464
Berks,8455.064935064505,-208.40009990009204,1.2862137862137528
Lackawanna,2728.7118881113056,-71.20466200464853,0.46386946386938605
Cheatham,11.0,0.0,0.0
Robertson,1831.9356643349338,-44.33519813518115,0.2703962703961718
Sumner,11968.315319973743,-296.28810601161473,1.8358112475757675
McLennan,-42.65756302520276,-1.047689075630417,0.02205882352941269
Webb,5260.172619052032,-122.83928571438365,0.7202380952386381
Wichita,-1179.4583333349865,22.577380952417474,-0.10119047619067775
Cache,15.0,0.0,0.0
Richmond city,6204.843356641428,-145.66923076918724,0.8566433566431113
Brown,3651.0000000115365,-85.50000000025047,0.5000000000013594
La Crosse,-417.3090909090934,8.924242424242538,-0.04545454545454642
Chambers,9751.734632033811,-227.4201298701101,1.3279220779219594
Mobile,6895.402164501557,-162.71688311686705,0.9632034632033594
Walker,883.980086579797,-21.924675324668936,0.13852813852810333
Yavapai,1099.0714285726217,-28.03571428574186,0.17857142857158756
Craighead,12571.000000036734,-274.5000000008055,1.5000000000044156
Crittenden,2408.8214285732133,-57.559523809564304,0.3452380952383247
Van Buren,2212.1744588741985,-51.420779220772495,0.3008658008657582
Morgan,-2729.4166666664273,53.41666666666108,-0.2499999999999675
Tolland,1127.010989010963,-30.20329670329547,0.20329670329669258
Windham,1783.9357142881506,-46.889285714339486,0.30357142857172514
Hernando,1076.4583333343294,-27.220238095259933,0.17261904761916722
Indian River,2382.4993006987656,-57.295804195792975,0.34615384615378786
Bibb,2705.2261904785564,-63.05952380957657,0.36904761904791294
Early,7372.119047624985,-170.5357142858469,0.988095238095978
Glynn,2239.228571430766,-50.40000000004659,0.28571428571453267
Laurens,-35.62857142877315,0.5428571428616015,-2.4628467738929042e-14
Rockdale,4438.827272727211,-106.17272727272154,0.6363636363635798
Owen,-42.900000001180054,0.6000000000258078,-1.4108286629744284e-13
Tippecanoe,2987.7857142814046,-68.39285714276497,0.39285714285665096
Dubuque,-3790.761904757892,83.07142857134124,-0.4523809523804777
Muscatine,-764.8571428566253,15.099999999988382,-0.07142857142850628
Sedgwick,623.5999999999633,-21.631060606060338,0.17045454545454714
Christian,6481.207142848126,-147.25357142837376,0.8392857142846316
Daviess,2152.276923076441,-52.10396270395264,0.31701631701626504
Henderson,-1168.1499999996777,24.42499999999371,-0.12499999999996986
Scott,15626.200000022785,-353.4000000004906,2.000000000002639
Assumption,679.5785714286748,-18.567857142859257,0.12500000000001074
Calcasieu,8628.418181818148,-206.62651515151595,1.2386363636363766
Iberia,1687.2857142873352,-50.50000000003596,0.35714285714305655
Iberville,7436.548251746074,-174.4076923076436,1.0244755244752526
Lafayette,23288.923826189875,-558.0472027975571,3.3449050949070447
Plaquemines,8877.977056276433,-206.8443722943551,1.2067099567098423
St. James,1374.1090909090985,-40.64318181818263,0.2916666666666749
St. Landry,-7654.028571438082,156.10000000020932,-0.7857142857154373
Webster,-1401.9142857106956,28.599999999920577,-0.14285714285670373
West Baton Rouge,3025.071428574223,-68.82142857149228,0.39285714285750556
Calvert,7621.242857138774,-171.30714285705253,0.9642857142852149
Hampshire,6651.363636363661,-161.14090909090967,0.9772727272727307
Eaton,6397.685714296941,-148.00000000024244,0.8571428571441653
Genesee,24460.29070928947,-591.972027971997,3.585414585414394
Midland,2749.585714285899,-65.70714285714905,0.39285714285718876
Mower,-57.714285713532234,0.785714285697557,9.28072936800223e-14
Holmes,-521.8333333318718,11.32142857139654,-0.05952380952363415
Walthall,11.0,0.0,0.0
Wilkinson,1987.5238095204122,-45.49999999992615,0.261904761904361
Winston,11.0,0.0,0.0
Yazoo,-80.50540524747268,5.843510781277391e-05,0.010810494945363174
Flathead,-8610.699999990584,185.79999999979876,-0.9999999999989253
Cape May,14109.228571445645,-317.3000000003753,1.7857142857163477
McClain,11.0,0.0,0.0
Lebanon,3408.226190478853,-81.46428571434498,0.4880952380955677
Westmoreland,3217.6307692297573,-81.07855477853245,0.5116550116548887
Dorchester,-6488.771428588906,136.60000000037664,-0.7142857142877421
Cameron,6130.93593073551,-141.87359307358088,0.8225108225107385
Monongalia,-714.776223776146,14.808857808856052,-0.07226107226106236
Eau Claire,1950.449999997496,-44.04999999994662,0.24999999999971573
Ozaukee,-51.167307692479625,-1.3877747252707286,0.02678571428569111
Sauk,1073.9999999978872,-24.64285714281051,0.14285714285688567
Walworth,-12819.000000037486,277.5000000008145,-1.5000000000044242
Cullman,15.0,0.0,0.0
Lauderdale,-2251.3095238097712,43.72619047619679,-0.20238095238099202
Imperial,1256.124242424149,-31.959090909088044,0.2045454545454341
Broomfield,3810.4821428610658,-87.64880952389812,0.5059523809528809
New London,866.3731601730633,-21.90064935064694,0.13961038961037475
Dawson,8383.000000024647,-183.00000000053694,1.0000000000029243
Miller,11.0,0.0,0.0
Muscogee,240.65714285985794,-8.900000000059755,0.07142857142890013
Oconee,-608.7785714277779,11.753571428553846,-0.053571428571331195
Pickens,7821.6642857071265,-175.16785714269886,0.9821428571419826
Randolph,16315.72857141494,-364.349999999699,2.0357142857126242
Spalding,1478.9852813852262,-34.28852813852563,0.200216450216429
Terrell,-23632.02857145504,513.7000000005696,-2.7857142857173485
Tift,2255.636904762731,-53.22023809525627,0.3154761904762904
Turner,12.0,0.0,0.0
Worth,-13366.257142863893,290.20000000014136,-1.5714285714293097
Canyon,4051.980952380906,-99.0547619047594,0.607142857142835
Kootenai,-2071.797619050766,42.61904761911794,-0.21428571428610688
McLean,6067.714285709483,-137.92857142847052,0.7857142857137575
Allen,10696.977056276395,-249.42770562768575,1.456709956709817
Vanderburgh,-18.29999999814831,0.3999999999586395,2.309277142876149e-13
Riley,11.0,0.0,0.0
De Soto,-317.80822510819854,3.310822510821811,0.0064935064935109955
Rapides,978.1818181818483,-28.640909090909606,0.20454545454545653
Tangipahoa,6894.142857155709,-159.90000000028056,0.9285714285729594
Lawrence,3406.7999999844633,-82.69999999966106,0.49999999999815176
Marshall,8893.690476173979,-200.46428571392514,1.1309523809504123
Rankin,806.8447552441812,-21.91095571094319,0.1491841491840811
Tippah,-456.52027972003077,8.709557109551138,-0.03729603729600162
Doña Ana,-33.10349650350433,0.2664335664337448,0.0034965034965024817
McKinley,4314.8571428661735,-99.2000000001989,0.5714285714296663
Niagara,5230.900699299423,-125.94358974355865,0.7599067599065716
Oneida,3211.0900432899275,-78.94567099566717,0.48593073593070757
Carteret,2041.4499999974573,-45.04999999994514,0.24999999999970418
Pitt,-1914.8333333281912,39.74999999988802,-0.2023809523803433
Rowan,2400.6666666625974,-56.428571428484005,0.3333333333328646
Columbiana,3503.471428569993,-80.54999999996846,0.46428571428554116
Centre,-2746.2559523824307,59.19642857146228,-0.31547619047638237
Potter,20946.00000006186,-457.50000000134247,2.5000000000072835
Aiken,-10728.649999982077,231.84999999960888,-1.2499999999978664
Berkeley,12075.07142855476,-278.4642857139297,1.6071428571409605
Clarendon,-1924.2071428549561,39.32499999995183,-0.19642857142830622
Darlington,2268.828571430748,-50.800000000046666,0.2857142857145356
Florence,1971.428571429793,-46.34523809526652,0.2738095238096887
Orangeburg,-1098.4380952379602,23.157142857139444,-0.1190476190475978
Blount,-4412.199999990843,94.29999999980375,-0.4999999999989489
Dickson,34.90476190652051,-2.3571428571819713,0.023809523809741193
Maury,-3131.685714288782,67.10000000006453,-0.3571428571431957
Tipton,1416.2619047582607,-33.749999999921165,0.20238095238052656
Addison,604.7891774891558,-15.532251082250314,0.10064935064934477
Rutland,-216.7635131186817,0.00014608776953193477,0.027026237363407934
Newport News city,1877.9047619057314,-45.2500000000219,0.27380952380964735
Norfolk city,-1832.9071428545087,35.117857142799735,-0.16071428571397314
Portsmouth city,-150.1999999974301,1.799999999943889,3.062343069032461e-13
Cowlitz,206.72857142917852,-5.350000000013404,0.035714285714359674
San Juan,2206.6554112553194,-53.39220779220391,0.32467532467529264
Kanawha,1199.5948051947778,-29.952813852813087,0.18831168831168318
Chippewa,-126.25810787120906,8.765266171916088e-05,0.016215742418044764
Rock,241.55357142852665,-6.255952380951514,0.04166666666666256
Natrona,-276.2999999961148,3.1999999999151583,4.631085295674179e-13
Apache,-1359.57738095344,29.755952380976066,-0.160714285714418
Butte,11.0,0.0,0.0
El Dorado,506.3869047617994,-12.410714285711997,0.07738095238093998
Chaffee,-1436.1904761901235,31.14285714285044,-0.16666666666663577
Montrose,24763.499999956373,-544.9999999990415,2.999999999994736
Highlands,-249.91428571356641,2.9714285714126287,8.830348632209818e-14
St. Lucie,1368.163636363468,-35.919696969693334,0.2348484848484653
Elkhart,1159.5000000006205,-28.750000000014545,0.17857142857151356
Avoyelles,2869.0952380942726,-68.07142857140865,0.40476190476180257
Beauregard,13.0,0.0,0.0
Claiborne,-309.2689183661543,0.0002045228773447087,0.037836732308771104
Evangeline,-13002.000000037666,279.5000000008205,-1.500000000004468
Ouachita,8438.787878787276,-200.1287878787702,1.189393939393817
St. Mary,1294.3500000114686,-36.65000000025183,0.25000000000138217
Sagadahoc,12.0,0.0,0.0
Berrien,-692.236796536863,11.787012987014343,-0.04112554112554794
Saginaw,4173.422619048535,-104.19642857144973,0.6488095238096457
Tuscola,-8634.000000024924,186.00000000054604,-1.0000000000029905
Dodge,4199.000000012324,-91.50000000026847,0.5000000000014622
Attala,4106.000000012108,-90.50000000026542,0.5000000000014543
Tunica,-41.600000001275276,0.6000000000280222,-1.5389973974822246e-13
Jasper,-80.50540524747268,5.843510781277391e-05,0.010810494945363174
Cascade,11.0,0.0,0.0
Strafford,-1047.791666668571,19.970238095281125,-0.08928571428595715
Steuben,4878.725108224931,-114.48917748916985,0.6731601731601096
Buncombe,-685.4909090909072,14.669696969696936,-0.07575757575757563
Catawba,-26.371428571201406,0.45714285713783315,2.7767783167652787e-14
Clermont,-4448.000000012841,94.50000000027761,-0.5000000000015002
Licking,3234.023809517441,-75.3214285712889,0.44047619047542524
Josephine,12.0,0.0,0.0
Montour,-4355.000000012626,93.50000000027448,-0.5000000000014918
Albemarle,457.285714284921,-11.285714285696924,0.0714285714284765
Isle of Wight,11.0,0.0,0.0
Carbon,2515.2857142906996,-59.90000000010774,0.3571428571434389
Flagler,1798.1309523819295,-42.27380952383103,0.2500000000001182
Barrow,2030.6499999950238,-44.84999999989202,0.24999999999941433
Coffee,5470.999999985694,-120.66666666635194,0.6666666666649359
Champaign,5099.666666657126,-118.49999999979093,0.6904761904750459
Rock Island,-6653.449999990596,141.549999999799,-0.7499999999989267
Ripley,1865.4922077921833,-45.829220779217884,0.28246753246750306
Tama,3872.09999999268,-87.89999999984015,0.49999999999912753
Mitchell,2561.505952381031,-61.898809523812226,0.3750000000000204
Hardin,-77.99999999992863,0.9999999999984771,8.119845587624297e-15
Jessamine,-4207.400000005238,91.90000000011428,-0.5000000000006231
Acadia,-17822.400000012996,378.40000000028607,-2.0000000000015743
Cecil,4375.833333326806,-98.82142857128687,0.5595238095230413
St. Mary's,-2554.949999990935,51.04999999980252,-0.24999999999892472
Grand Traverse,11.0,0.0,0.0
Le Sueur,464.28571428575606,-11.428571428572782,0.07142857142858129
Chickasaw,-1823.9714285744249,39.7000000000646,-0.21428571428606225
Oktibbeha,844.0000000011336,-19.904761904786863,0.11904761904775632
Pontotoc,11.0,0.0,0.0
Sunflower,557.6571428576808,-12.500000000011626,0.07142857142863421
Tate,1740.1714285742958,-38.50000000006298,0.2142857142860601
Salem,-4532.499999999465,95.49999999998903,-0.499999999999944
St. Lawrence,-6588.621428563323,139.40357142839483,-0.7321428571418958
Davie,2376.828571432025,-52.00000000007617,0.2857142857147056
Granville,-71.50540524747268,5.843510781277391e-05,0.010810494945363174
Nash,14.0,0.0,0.0
Portage,2282.04166666902,-57.60119047624285,0.36309523809552935
Muskogee,-4355.000000012626,93.50000000027448,-0.5000000000014918
Dauphin,3036.287012986806,-75.58203463202892,0.4707792207791827
Schuylkill,2131.8928571433985,-54.3452380952505,0.3452380952381662
Loudon,12.0,0.0,0.0
Louisa,-4266.000000012534,92.50000000027151,-0.5000000000014702
Whitman,11.0,0.0,0.0
Tallapoosa,3381.34285714863,-76.0000000001244,0.4285714285720983
Juneau City and Borough,11.0,0.0,0.0
La Plata,-2258.6369047629037,49.458333333354645,-0.26785714285725626
Teller,11.0,0.0,0.0
St. Martin,8680.071428563457,-202.1785714283998,1.1785714285705065
Queen Anne's,12.0,0.0,0.0
Kalamazoo,577.2797619057167,-16.3035714285932,0.1130952380953621
Muskegon,3686.121428567075,-84.15357142847738,0.4821428571423497
Callaway,-2476.8285714346152,53.40000000013226,-0.2857142857150091
St. Francois,12.0,0.0,0.0
Chaves,13.0,0.0,0.0
Oswego,3786.8000000011148,-86.9000000000242,0.5000000000001313
Alamance,-32.75270262373634,2.9217553906386956e-05,0.005405247472681587
Georgetown,-1278.1142857154823,27.200000000026456,-0.14285714285728907
Autauga,12.0,0.0,0.0
White,-6653.949999984736,141.5499999996656,-0.7499999999981687
Merced,16.0,0.0,0.0
Mono,2834.2857142824473,-63.499999999928654,0.35714285714246785
Bryan,-172.01081049494536,0.00011687021562554782,0.021620989890726347
Colquitt,30696.649999950114,-678.3499999989327,3.7499999999942952
Crisp,-217.90000000103626,2.600000000022738,-1.247107994771481e-13
Grundy,11.0,0.0,0.0
Dearborn,-328.1999999972875,3.799999999940844,3.224703547121173e-13
Decatur,3031.363203462672,-74.44632034630662,0.45887445887437184
Ohio,11.0,0.0,0.0
Porter,7203.449999996185,-164.98928571420262,0.9464285714281194
Cedar,11.0,0.0,0.0
Pottawatomie,11.0,0.0,0.0
Hillsdale,-326.8000000039664,3.8000000000871212,-4.782833988981255e-13
Lapeer,-24.75270262373634,2.9217553906386956e-05,0.005405247472681587
Cape Girardeau,-2387.2285714309223,52.400000000049715,-0.2857142857145481
Chemung,-1146.2678571442787,24.196428571460014,-0.12500000000017375
Wagoner,-13362.000000038031,283.50000000083253,-1.500000000004556
Armstrong,11.0,0.0,0.0
Comal,10284.84999997961,-226.64999999956336,1.2499999999976636
Grayson,-34.75270262373634,2.9217553906386956e-05,0.005405247472681587
Hidalgo,9285.000000006698,-215.2500000001538,1.2500000000008815
Nueces,1339.7173160172797,-33.06839826839522,0.20562770562767596
Victoria,12210.00000003635,-270.50000000079314,1.5000000000043259
Chesapeake city,6995.771428567103,-161.04285714276563,0.9285714285709458
Chilton,-2198.4499999972586,47.04999999994213,-0.249999999999695
Etowah,-353.0216209898907,0.00023374043125109565,0.043241979781452694
Sutter,8386.000000024647,-183.00000000053694,1.0000000000029243
Taylor,1914.8499999926307,-43.64999999984041,0.24999999999913616
Thomas,24857.00000007414,-546.0000000016017,3.0000000000086504
Ware,4016.000000012016,-89.50000000026238,0.5000000000014322
Nez Perce,13.0,0.0,0.0
Shawnee,1434.5499999989847,-33.43928571426445,0.19642857142846046
Jefferson Davis,-32.75270262373634,2.9217553906386956e-05,0.005405247472681587
Lenawee,-958.3333333323698,19.42857142855092,-0.09523809523798638
Winona,11.0,0.0,0.0
Platte,-4265.000000012534,92.50000000027151,-0.5000000000014702
Pickaway,2077.5499999961608,-45.44999999991782,0.24999999999956046
Creek,4409.244047622534,-101.77976190483999,0.5892857142861513
Osage,-6150.371428580819,132.80000000020834,-0.7142857142868694
Newport,-3218.342857139815,68.18571428564982,-0.35714285714251637
Providence,17135.527272727264,-435.5999999999971,2.7575757575757263
Guadalupe,1564.1714285741975,-36.500000000059856,0.2142857142860376
Hopkins,-11990.142857154553,262.00000000024863,-1.428571428572748
Lamoille,1988.099999997946,-44.44999999995679,0.24999999999977338
Manassas city,-33.75270262373634,2.9217553906386956e-05,0.005405247472681587
Lonoke,-124.25810787120906,8.765266171916088e-05,0.016215742418044764
East Feliciana,-214.7635131186817,0.00014608776953193477,0.027026237363407934
Pointe Coupee,-33.75270262373634,2.9217553906386956e-05,0.005405247472681587
Vermilion,-75.50540524747268,5.843510781277391e-05,0.010810494945363174
Shiawassee,-21465.000000062413,463.5000000013606,-2.500000000007415
Toole,12.0,0.0,0.0
Comanche,5013.021428568945,-114.98928571423271,0.6607142857140031
Nacogdoches,12.0,0.0,0.0
Hampton city,24673.49999995677,-543.999999999043,2.999999999994705
Suwannee,11.0,0.0,0.0
Coffey,-93.80000000236011,1.2000000000516156,-2.8216573259488567e-13
West Feliciana,11.0,0.0,0.0
Randall,16761.000000049295,-366.0000000010739,2.0000000000058487
Mountrail,11.0,0.0,0.0
Yankton,11.0,0.0,0.0
Ector,8292.000000024309,-182.00000000053384,1.0000000000029303
Dooly,-34.75270262373634,2.9217553906386956e-05,0.005405247472681587
Jerome,11.0,0.0,0.0
